DK001	10/7/2021	208	3	3	2	4	0	99	Hvem skal passe farmor? Besøg skolen for de modige og de stærke	Who will take care of grandmother? Visit the school for the brave and the strong	0	0	0	0	virtual reality, velfærdsteknologi	virtual reality, velfærdsteknologi	5	99	0	0	0	0	0	0	0	0	0	0	0	0	0	0	2
DK002	6/16/2021	206	4	3	2	4	0	99	Dansk Industri går til forsvar for deling af dine og mine data	Danish industry defends the sharing of your and my data	0	0	0	0	Facebook, kunstig intelligens, algoritmer, teknologisk overvågningsværktøjer	hjernebølgeskannere, iris- og ansigtsgenkendelse	4	99	0	0	1	0	0	1	1	0	1	1	0	1	1	7	1
DK003	12/21/2018	208	1	2	0	99	99	99	De fynske kommuner. Den kommunale velfærd er presset	The funen municipalities. Municipal welfare is under pressure	0	0	0	0	99	99	3	99	0	0	1	0	1	0	1	0	1	0	0	0	1	5	1
DK004	5/22/2021	206	1	3	1	3	0	99	Det er nu, vi skal genvinde kontrollen over  digitaliseringen, ellers mister vi os selv	Now is the time to regain control over the digitisation, otherwise we lose ourselves	0	0	1	0	social credit scoresystem, skærme, hjernebølgescannere, overvågningsværktøjer, iris- og ansigtsgenkendelse, iPasset, digitale medier	hjernebølgeskannere, smitteopsporing	12 (general digitalisation of human life)	99	0	0	0	0	0	1	0	1	0	1	0	1	1	5	1
DK005	3/31/2019	206	1	2	0	99	99	99	Forud for folketingsvalget står dansk erhvervsliv uden talsmand, uden venner og uden en sag. Jeg melder mig. Lønnen skulle være god	Ahead of the general election, Danish business is without a spokesperson, without friends and without a cause. I volunteer. The pay should be good	0	0	0	0	99	99	3	99	0	0	1	0	0	1	1	0	0	0	0	1	1	5	1
DK006	7/27/2019	206	1	3	1	3	0	99	Humanister indtager Silicon Valley	The humanists take over Silicon Valley	0	0	0	0	ansigtsgenkendelse, algoritmer, kunstig intelligens, masseovervågning, intelligent teknologi	kunstig intelligens (AI), datadrevne vurderinger f.eks. inden for sundhed	3	99	0	0	1	0	0	0	1	0	0	1	0	1	1	5	2
DK007	1/5/2020	206	1	2	0	99	99	99	Jeg tør godt stikke snuden frem og komme med 10 bud på, hvad der vil ske i dansk politik i den kommende dekade	I dare to suggest 10 things that will happen in danish politics in the coming decade	0	0	0	0	skyen, kunstig intelligens, algoritme, overvågning	kunstig intelligens, biologisk cpr-register, aggressiv screening og forebyggelse	3	99	0	0	1	0	1	0	1	0	0	0	0	1	1	5	3
DK008	9/11/2020	206	1	2	1	3	0	99	Kultur er også kritisk infrastruktur	Culture is also critical infrastructure	0	0	0	0	YouTube, Netflix, Viaplay, Filmstriben, E-reolen, Google Hangouts, Bitesize, film, podcasts, spil, lydbøger, e-bøger, videointroduktioner	99	9	99	0	0	1	0	0	0	0	0	0	0	0	1	1	3	2
DK009	6/23/2019	206	1	2	1	3	0	99	Lad os nu få mere kunstig intelligens ind i sundhedsvæsenet	Now let's get more artificial intelligence into the healthcare system	1	0	0	0	kunstig intelligens (AI og big data), algoritmer, supercomputere	AI og big data, digitale løsninger med apps og lignende, digitalt styrede pumper, robotter og andre intelligente maskiner	10	99	0	0	1	0	1	1	0	1	0	0	0	0	1	5	2
DK010	11/17/2019	206	1	1	0	99	99	99	Gør op med teknologiens tyranni	End the tyranny of technology	0	0	1	0	Nokia 3210, Ipad, powerbank, mail, iPhone, 5G-netværk, digital 'gadgets'	99	8	99	0	0	0	0	0	0	0	0	0	0	0	0	1	1	1
DK011	8/29/2018	206	1	2	1	3	0	99	Vi ser Sundhedsplatformen som løsningen i fremtidens sundhedsvæsen	We see the Health Platform as the solution in the healthcare system of the future	1	0	0	0	skanninger, passeword, it-system, Sundhedsplatformen, data, digitaliseringen, Epic, 	elektroniske patientjournaler, sundhed.dk, Sundhedsplatformen, overvåget behandling i hjemmet, fælles nationalt system til deling af data	1	99	0	0	0	1	1	0	1	1	0	0	0	0	0	4	2
DK012	28/06/2019	206	2	3	2	3	0	99	Det papir, der bragte regeringen til magten, efterlader rum til fortolkning	The paper that brought the government to power leaves room for interpretation	0	0	0	0	99	99	3	99	0	0	1	0	1	0	1	1	0	0	0	0	1	5	1
DK013	12/04/2018	208	1	2	0	99	99	99	Borgerne skal mødes, hvor de er	Citizens must be met where they are	0	0	0	0	apps, programmer/maskine (f.eks. Smartphones/tablets), digital post	apps som led i genoptræningsforløb eller i almen praksis	10	1 (pensionister)	0	0	1	1	1	0	0	1	1	0	0	0	1	6	2
DK014	08/01/2019	206	2	1	0	99	99	99	Ekspert: Plan for it-sikkerhed mangler penge og it-folk	Expert: Plan for IT security lacks money and IT people	0	0	0	0	styresystem Windows 2000, it-sikkerhed	99	3	99	0	0	1	0	0	1	0	0	1	0	0	0	0	3	1
DK015	04/04/2017	206	2	1	0	99	99	99	Regeringen er klar med reform af hverdagen for offentligt ansatte	The government is ready to reform the everyday life of public servants	0	0	0	0	digitale løsninger, nudging	99	3	99	0	0	1	1	1	1	1	0	1	1	0	0	1	8	1
DK016	02/01/2022	206	3	3	1	3	99	99	Jeg kalder det flugten fra klinikken, og det er et af vores helt store problemer	I call it the escape from the clinic, and it is one of our biggest problems	0	0	0	0	dyr teknologi, solide digitale løsninger, it-systemer	it-systemet Sundhedsplatformen	1	6	0	0	1	1	1	0	1	1	0	0	0	0	1	6	1
DK017	31/08/2022	206	4	2	1	4	0	99	Kaos omkring MitID koster tårer, tab af velfærd og huller i sikkerheden	Chaos around MitID costs tears, loss of welfare and security gaps	0	0	0	0	MitID, NemID, smartphone, NFC-teknologi, Huawei-telefoner, digital signatur	99	12 (it-sikkerhed)	1	0	0	1	0	1	1	1	0	0	1	1	1	1	8	1
DK018	03/10/2021	206	4	2	1	1	0	99	KL-direktør: Der er nærmest ingen grænser for brug af tech	KL director: There are almost no limits to the use of tech	0	0	1	0	robotter, sensorer, gps, data, Google Chrome Book, Google, Clio, YouTube, kunstig intelligens, nettet, algoritmer, droner, ipads, tingenes internet. Blockchain, virtuel og forstærket virkelighed, mobiltelefon	fuldt automatiseret hjemmepleje, der med robotter sørger for, at de ældre får hjælp til at spise, bade, kome på toilettet - og som 24/7 holder øje med, om demente er på afveje	8	1	0	0	1	0	1	0	0	1	1	0	0	0	1	5	2
DK019	08/12/2017	206	1	3	1	1	0	99	Millenials kan lære noget af Rolling Stones	Millenials can learn something from the Rolling Stones	0	0	0	0	digitale medier, sociale medier, skærme, nettet, computere, smartphones, iPads, digital medieteknologi, selfies, blogge	99	8	1	0	0	0	0	0	0	0	0	0	1	0	0	1	2	1
DK020	02/02/2018	206	1	3	0	99	99	99	Sådan kommer vi på forkant af seniorrevolutionen	This is how we get ahead of the senior revolution	0	0	0	0	e-learning og andre uddannelsesteknologier, onlinekurser, digital læring, robotter, velfærdsteknologi, telemedicinske løsninger, apps, onlineplatforme	telemedicinske løsninger kan give mulighed for, at sundhedspersonlae kan følge, diagnosticere, behandle, monitorere og rådgive om sygdomme bland de ældre, brugervenlig serviceplatform for sundhed	12 (fremtidens seniorliv)	1	0	0	1	1	1	1	1	1	1	1	1	1	1	11	2
DK021	16/01/2019	206	1	3	1	2	99	99	Vi skal blive bedre til at bruge sundhedsdata	We must become better at using health data	1	0	0	0	apps, smartphones og wearables, metadataplatform, data	sundhedsdata kan også indsamles via apps, smartphone og wearables som eksempelvis ure	10	1	0	0	1	0	1	0	0	1	1	0	1	0	1	6	2
DK022	1/26/2017	206	1	3	1	1	1	1	Vi skal nytænke fremtidens seniorliv	We must rethink the senior life of the future	0	0	0	0	singularity, kunstig superintelligenscomputer, 'clouden', software, devices, 3D-print, pacemaker, robotter eller digitale løsninger, kunstig intelligens	væv eller knoglefremstilling f.eks. som 3D-print, monitorering såsom intelligente piller, menneskedrevet teknologi som pacemakers, virtuelle medarbejdere, robotter eller digitale løsninger, kunstig intelligens	12 (fremtidens seniorliv)	1	0	0	0	0	1	0	0	1	1	1	1	1	1	7	2
DK023	2/14/2021	206	1	3	2	5	0	99	Kuppet, vi ikke taler om	The coup we're not talking about	0	0	0	0	computerstyring, antisociale medier, Google, Facebook, YouTube, Twitter, Fitbit, Amazon, data, algoritmer, Big Tech, digitale teknologier, overvågning, internetsøgning. Ansigtsgenkendelse, streaming, cyberspace	99	3	99	0	0	1	0	0	1	1	0	0	1	0	1	1	6	1
DK024	2/27/2019	208	4	2	1	1	0	99	Lægeformand vil have sundhedshus på Banegårdspladsen	Medical chairman wants a health center on Banegårdspladsen	1	0	0	0	digitale løsninger, droneteknologi, videokonsultation, droner, robot-erhvervsmiljø	videokonsultation, drone med udstyr til at tage en urinprøve (Avernakø)	1	1	0	0	0	1	1	1	0	1	1	1	0	0	1	7	2
DK025	4/29/2021	208	4	2	1	1	0	99	Manglende evner i den digitale verden øger uligheden	Lack of skills in the digital world increases inequality	0	0	1	0	digital post, internettet, smartphones, apps, e-Boks, PC, teknologien, den digitale verden, mailadresse, mails, NemID-nøglekort, MitID, digital selvbetjening	99	12 (media literacy)	1	0	1	0	0	0	0	0	1	1	0	0	0	1	3	1
DK026	4/29/2021	208	4	2	1	1	0	99	Dyrt at glemme at logge på e-Boks	Expensive to forget to log in to e-Boks	0	0	0	0	e-Boks, digital post, intetnettet, den digitale verden, e-mail	99	12 (media literacy)	1	0	0	0	0	0	1	0	1	1	0	0	0	0	3	1
DK027	1/15/2018	210	1	2	0	99	99	99	Dansk Industri har store ambitioner for digitalt sundhedsvæsen	Danish Industry has great ambitions for digital healthcare	1	0	1	0	teknologiske løsninger, app, robotteknologi, data, it-sikkerhed	patienter skal kontakte deres læge via en app, digitale vandrejournaler, robotteknologi på operationsstuen, sundhedsdata	1	0	0	0	1	1	1	1	0	1	1	0	0	1	1	8	2
DK028	11/9/2019	208	4	2	1	1	99	99	Ny professor skal evaluere medicinsk teknologi	New professor must evaluate medical technology	0	0	1	0	digitale teknologier, kunstig intelligens	medicinsk teknologi, digitale sundhedsteknologier, telemedicin, hjemmemonitorering, videosamtaler, elektroniske patientjournaler, kunstig intelligens i sundhedsvæsenet	2	0	0	0	0	1	0	0	0	1	1	1	0	0	0	4	2
DK029	4/6/2019	208	1	1	0	99	99	99	Ny teknologi burde give mere plads til mennesker	New technology should give more space to people	0	0	1	0	robotter, velfærdsteknologiske løsninger, teknologier	træningsrobotter, spiserobotter, digitale medicinæsker, bevægelsessensorer/touch-gulve der opdager faldulykker, gulvcensor, mobil tryghedsalarm	10	1	0	0	1	0	0	0	1	0	1	0	0	0	1	4	2
DK030	6/29/2022	208	1	3	1	2	99	99	Ny teknologi skal i højere grad hjælpe ældre	New technology must help the older to a greater extent	0	1	1	0	teknologiske løsninger, velfærdsteknologi, digitalisering, Mr. Beam (en robot), app, machine learning, robotter	upload i sundhed.dk	12 (velfærdsteknologi)	1	0	0	0	0	1	1	1	1	0	0	0	0	1	5	2
DK031	12/30/2022	209	1	3	1	1	99	99	Nytårshilsen. Fremtidens sundhedsvæsen har brug for forandringer	New Year's greetings. The healthcare system of the future needs change	1	0	0	0	teknologien, digitale løsninger, virtuel samtale, videokonsultation	videokonsultation	1	3	0	0	0	1	1	0	0	1	1	0	0	0	1	5	2
DK032	10/30/2021	206	1	1	0	99	99	99	Politikere lukker øjnene for, at teknologi er politisk	Politicians turn a blind eye to the fact that technology is political	0	0	1	0	Facebook, datadrevne automatiserede løsninger, sociale medier, digitale teknologier, data, maskinstemmer, digitale selvbetjeningsløsninger, robot, iPad, datadrevne systemer, internettet, chips, datadrevne algoritmiske tilgange, algoritmer	gulve på plejehjem kan udstyres med chips, der giver besked, hvis den ældre falde rom på gulvet	3	1	0	0	0	0	1	1	1	1	1	0	0	1	1	7	1
DK033	10/23/2022	206	1	1	0	99	99	99	Politikerne overser vigtigt emne om digitalisering	Politicians are overlooking important issue of digitalisation	0	0	1	0	digitalisering, sociale medier, it, borger.dk, cybertruslen, teknologier, kunstig intelligens, kvantecomputere, metaverse, virtual reality, kryptovaluta, blockchain, TikTok, it-løsninger	99	3	1	0	0	1	0	0	1	1	0	0	1	0	0	1	5	1
DK034	8/24/2020	206	2	3	2	1	0	99	En havnetunnel eller en mere grøn by? København befinder sig ved en korsvej	A harbor tunnel or a greener city? Copenhagen is at a crossroads	0	0	0	0	digitalisering	99	3	1	0	0	0	0	1	0	1	1	1	0	0	0	1	5	2
DK035	1/1/2017	209	2	3	2	1	0	99	Regionspolitikere. Der er meget at fejre	Regional politicians. There is much to celebrate	0	0	0	0	ny teknologi	99	3	3	0	0	1	1	0	0	0	1	1	1	0	0	1	8	2
DK036	2/17/2019	206	3	3	2	4	0	99	Robotter har det svært med sorte	Robots have a hard time with black	0	0	0	0	algoritmer, robotter, webkamera, kunstig intelligens, den nye teknologi, automatisk ansigtsgenkendelse, koder inde i 'maskiner', virus gennem computerprogrammer, IBM, Microsoft, Face++, maskinlæring, data, Amazons ansigtsgenkendelsessystem Rekognition, ansigtsgenkendelsesteknologi, overvågningskameraer, scanne, Google, dræberdroner, droneovervågning, overvågningsdroner	99	12 (discrimination)	1	0	0	0	0	0	1	1	0	0	1	1	1	1	6	1
DK037	11/16/2017	209	2	2	1	1	0	99	Robotterne og dilemmaerne kommer	The robots and the dilemmas are coming	0	0	0	0	IT, kunstig intelligens, robotter, ny teknologi, teknologiske muligheder, virtual reality	virtual reality, ny elektronisk patientjournal, ny teknologi i sundhedsvæsenet	10	1	0	0	0	1	0	0	1	1	1	0	0	0	0	4	2
DK038	11/26/2017	208	1	3	1	3	0	99	Robotterne tager vores arbejde. Heldigvis.	The robots are taking our jobs. Fortunately.	0	0	0	0	robotteknologi, ny teknologi, industrirobotter, kunstig intelligens, sensorer, automatisering, digitalisering, nettet, internettet	teknologier inden for sundhed, robot der kan hjælpe med løfte en ældre og med at gøre rent	6	1	0	0	0	0	0	0	0	1	1	1	0	0	0	3	2
DK039	3/11/2017	207	3	3	2	4	0	99	Tag magten tilbage i dit digitale liv	Withdraw the power in your digital life	0	0	1	0	nettet, Facebook, Snapchat, mobiltelefon, smartphone, online spil, computerspil, internettet, nye gadgets, e-mail, online, teknologien, skærm, mails, mailboksen, arbejdsmails, computeren, beskedbip, mailprogrammet, mailkonti, mailtjek, Instagram, surfing, browseren, programmer, computerskærm	99	12 (afhængighed)	9	0	0	0	0	0	0	0	0	0	1	0	0	1	2	1
DK040	12/29/2020	210	1	2	0	99	99	99	Thy er med helt i front: kunstig intelligens skal styrke ældreplejen	Thy is at the forefront: artificial intelligence must strengthen care for the old	0	1	0	0	kunstig intelligens, talegenkendelse, nye digitale løsninger, de nye teknologier, computeren	kunstig intelligens kan lette medarbejdernes dokumentationsbyrde og dermed frigive til til pleje og omsorg af de ældre borgere, talegenkendelse	10	1	0	0	0	0	1	1	1	1	1	0	0	1	0	6	2
DK041	10/18/2022	206	2	3	1	1	0	99	Tre store forbund går til kamp mod overvågning	Three major confederations fight against surveillance	0	0	0	0	overvågning, kunstig intelligens, automatisk analyse af samtaler, computerens kamera, skærmbilleder, tastatur, mus, 'bossware', smartphones, data, dataindsamling, teknologi, mobil, nettet	99	12 (overvågning)	1	0	0	0	0	0	0	0	0	0	1	1	1	1	4	1
DK042	11/22/2020	206	4	3	2	5	0	99	Vi bliver alle overvåget - men hvem er ofrene egentlig?	We're all being watched - but who are the real victims?	0	0	0	0	overvågning, Echelon, mail, teknologien, masseovervågning af telekommunikation, Facebook, hjemmesider, datatrafik, Google, nettet, overvågningskapitalisme	99	12 (overvågning)	99	0	0	1	0	0	1	1	0	0	1	0	1	0	5	3
DK043	4/8/2018	209	4	3	2	1	0	99	Vi mailer til lægen som aldrig før	We email the doctor like never before	0	0	0	0	mailer, e-konsultationer, e-mails, nettet, digital korrespondance, digital kommunikation mellem læge og patient, chat, kryptering, hyggechat, digitale konsultationer	mailer, e-konsultationer, e-mails, nettet, digital korrespondance, digital kommunikation mellem læge og patient, chat, kryptering, hyggechat, digitale konsultationer	10	3	0	0	0	1	0	0	0	1	0	1	0	0	1	4	2
DK044	1/3/2022	209	3	3	2	1	0	99	Ældre og ansatte må ty til væresteder for hjælp til IT	The old and vulnerables must turn to drop-in-centers for help with IT	0	1	0	0	IT, NemID, IT-ekspert, mobilen, e-boks, Facebook skat.dk, sundhed.dk, lov om Offentlig Digital Post, digital postkasse, digitale services, MitID, digital inklusion, digitalt udsat, it-udfordringer, netbank, datarester, digitale selvbetjeningsløsninger, hotlines, IT-hjælp, ITcafeer, datastuer	99	12 (media literacy)	1	0	0	1	0	1	1	0	0	0	1	1	0	1	6	3
DK045	4/3/2022	210	3	3	2	3	0	99	Hvad er hvad i den digitale jungle?	What is what in the digital jungle?	0	0	1	0	e-Boks, borger.dk, app til MitID, NEMID-nøglekort/nøgleapp, telefon, kodeoplæser, kodeviser, e-boks' hjemmeside, mit.dk, digital post-app, sundhed.dk	99	12 (digital confusion)	9	0	0	0	0	1	0	0	0	0	0	1	0	0	2	1
DK046	9/30/2022	206	1	2	1	4	1	0	Partiledere: Saml Danmarks digitale underklasse op	Party leaders: Pick up Denmark's digital underclass	0	0	1	0	telefon, MitID, digitale medier, smartphones, NemID, iPhones, it-undervisning	99	3	9	0	0	1	0	1	0	1	0	0	0	1	0	0	4	1
DK047	2/8/2019	209	3	2	1	1	0	99	Kommune går digitalt: Hjemmehjælperen erstattes af en skærmtrold	Municipality goes digital: The home helper is replaced by a screen troll	0	0	1	0	velfærdsteknologi, robotter, skærmbesøg, virtuelt besøg, digitale og teknologiske redskaber, FaceTime, Skype	robotter, skærmbesøg, virtuelt besøg	10	99	0	0	0	0	1	0	1	0	0	0	1	1	0	4	2
DK048	9/19/2021	209	1	1	0	99	99	99	Debat: Digitale sundhedstilbud kan ikke erstatte den lokale læge og det lokale apotek	Debate: Digital health services cannot replace the local doctor and pharmacy	1	0	1	0	videokonsultation, online-køb af medicin, digitale sundhedsløsninger, digitale sundhedstilbud, ny app	videokonsultation, online-køb af medicin	1	1	0	0	0	0	1	1	0	1	0	0	0	0	0	3	2
DK049	5/9/2019	206	1	2	1	2	99	99	Debat: Hvad pokker blev der af globaliseringsstrategien?	Debate: What the heck happened to the globalisation strategy?	0	0	0	0	kunstig intelligens	99	3	1	0	0	1	0	0	0	0	0	0	0	0	1	1	3	1
FI001	28/01/2017	315	1	2	1	2	1	1	Iäkkäiden asiat Turun päätöksentekoon	Issues of older people in decion-making of Turku	0	1	0	0	"Devices promoting living at home", ATK (computing)	Blood pressure measurement, "senior bracelets" (swimming and gym)	3	1	1	1	0	0	1	1	1	1	0	0	1	1	1	6	2
FI002	30/01/2017	311	1	1	0	99	99	99	Elämän viimeisten vuosien hoivaa ei voi digitalisoida	End-of-life care cannot be digitalised	0	0	1	0	Computer, phone	99	10	2	0	0	0	0	0	0	0	0	0	1	0	0	0	1	1
FI003	30/01/2017	311	1	1	0	99	99	99	Miksi pankit kyykyttävät ikäihmisiä?	Why do banks opress older people?	0	1	0	0	online bank, online banking credentials	Digital health records, designated health websites (KELA, lääkäripalvelut)	11	11	0	1	0	0	0	1	0	0	0	0	0	1	1	4	1
FI004	26/06/2017	313	1	1	1	2	99	99	Digiloikkaa vai estejuoksua digitalisaation hurmoksessa	Leaps of digitalisation or hurdle in the exaltation of digitalisation?	0	0	1	0	Computer, smartphone, internet	99	99	99	0	0	1	0	0	0	0	0	0	0	1	0	0	2	1
FI005	22/03/2017	314	1	1	1	2	99	99	Digipalveluista ongelma ikäihmisille	Digitalservices a problem for older people	0	1	1	0	Online services/websites	99	99	1	1	1	1	1	1	0	0	0	0	0	1	1	1	7	1
FI006	02/04/2017	315	1	1	0	99	99	99	Hammasproteesit useamman ulottuville	Teeth prosthesis for more people	0	0	0	0	99	99	1	1	0	0	0	1	0	1	0	0	1	0	0	1	0	4	2
FI007	24/07/2017	315	1	1	1	2	1	1	Ikääntyneiden arkipäivä pitäisi tietoteknisesti päivittää tälle vuosituhannelle	Everyday life of adults should be conciusly upated  to this century	0	1	1	0	 Internet, video call	Safety camera, safety bracelet, Online physical excersises	10	11	0	0	0	0	0	0	1	1	1	0	0	0	1	3	2
FI008 	16/09/2017	314	2	1	1	2	1	1	Kuntoutus tukee ikäihmisten mahdollisuuksia asua kotona	Rehabilitation supports older people's ability to live at home	0	1	0	0	99	Safety phone, Medical dose distributor	10	11	0	0	0	1	1	1	0	1	1	1	0	0	0	6	2
FI009	17/10/2017	315	1	1	1	1	0	99	Ihmiskeskeistä taloustiedettä	Human-centered economic	0	0	0	0	99	99	12	1	0	0	0	0	0	0	0	1	0	1	0	0	0	2	1
FI010	20/10/2017	315	1	1	1	1	0	99	Sote kaipaa teknologiaa avukseen	Social and health care needs help of technology	1	0	1	0	99	Robots, biometric identification, automated medical care	10	1	0	0	0	0	1	1	0	1	1	1	0	1	0	6	2
FI011	04/11/2017	314	2	2	1	1	1	1	Ikäihmisten turvateknologia yleistyy Lapissa	Safety technology of older people is becoming more common in Lapland	0	1	1	0	SMS	Door sensors	10	1	1	1	1	1	1	1	0	1	1	0	0	1	1	9	2
FI012	14/12/2017	312	3	3	1	2	99	99	Ihmisestä tulee muovailuvahaa	Human become plasticine	0	0	0	0	99	gene technology, AI	1	9	0	0	0	0	0	1	0	1	1	1	0	1	1	7	3
FI013	18/02/2018	315	3	2	1	1	99	99	Digitalisaatio kuntoon, lisää tehtäviä hoitajille	Digitalisation in shape, more tasks for nurses	0	0	1	0	Internet, online booking	99	10	3	0	0	0	1	0	0	0	1	1	1	0	0	0	5	2
FI014	02/07/2018	316	1	1	0	99	99	99	Digiaika on myös uhka ikäihmisille	Digital time is also a threat to older people	0	1	1	0	Online services/websites, internet	Speech recognition, AI	11	9	0	0	1	0	0	1	0	0	1	0	0	1	1	5	1
FI015	12/04/2019	311	1	1	0	99	99	99	Moni haluaa hoitaa asiat puhelimtse tai kasvotusten	Many want handle issues on phone or face-to-face	0	0	0	0	Computer, smartphone, websites	99	99	1	1	1	0	0	0	1	0	1	0	0	0	1	1	4	1
FI016	15/04/2019	315	1	1	0	99	99	99	Sujuvampi arki jokaiselle onnistuneella digitalisaatiolla	More feasible everydaylife for everyone with succesfull digitalisation	0	0	1	0	Digital services	99	99	1	1	0	1	0	0	1	0	0	0	0	1	1	1	5	2
FI017	30/05/2019	311	1	1	0	99	99	99	Yksin asuvat ovat eriarvoisessa asemassa	People living alone are in an unequal position	0	0	0	0	Internet, online services	99	99	8	1	0	0	0	0	0	0	0	1	1	1	0	1	4	1
FI018	14/06/2019	311	1	1	0	99	99	99	Huonosta hoidosta ilmoittaminen helpommaksi	Reporting of bad care easier	0	0	0	0	Phone	99	10	1	0	0	0	0	1	0	0	0	1	0	1	0	1	4	1
FI019	14/06/2019	315	1	2	1	2	0	99	Muistisairaan hammashoidon toteuduttava tasa-arvoisesti kaikkialla	Dental care of people with cognitive decline needs to be equal everywhere	0	0	0	1	SMS	99	1	1	0	0	0	0	0	0	0	1	1	0	1	0	1	4	3
FI020	17/06/2019	311	1	2	0	99	99	99	Digijakkara kaipaa monta jalkaa	Digital stool needs many legs	0	0	1	0	Online services, telephone network	Online medical prescription	3	1	0	0	1	0	0	1	0	0	0	0	0	0	1	3	3
FI021	17/07/2019	315	1	1	0	99	99	99	Ihminen ihmiselle vanhustenhoidossakin	Human to human also in elder care 	0	1	0	0	99	99	10	1	1	1	0	0	0	0	0	0	1	1	0	0	0	2	1
FI022	12/08/2019	311	1	1	0	99	99	99	Tekoäly auttaa lääkäriä olemaan enemmän läsnä	AI helps the doctor be more present	0	0	1	0	AI	xray	1	9	0	0	0	0	0	0	0	1	1	0	0	1	0	3	2
FI023	10/09/2019	313	2	2	0	99	99	99	Digiloikan tasa-arvo ei toteudu aikataulussa	Equality of the digital leap is not happening in schedule	0	0	1	0	Websites, online services	99	99	1	0	0	1	1	1	1	0	0	0	1	0	1	0	6	3
FI024	26/09/2019	311	1	1	0	99	99	99	Maunulassa yhä useampi tarvitsee digitukea	In Maunula more people need digital support	0	0	1	0	Online services	99	99	1	0	0	0	0	0	0	0	0	0	1	1	0	0	2	1
FI025	23/09/2019	315	1	1	1	0	99	99	Setlementtityö kiinni ajassa - Aurala 80 vuotta	Settlement work in time - Aurala 80 years	0	0	0	0	99	99	12	1	0	0	1	0	0	0	0	0	0	1	1	0	1	4	3
FI026	06/11/2019	315	1	1	1	0	99	99	Nopeuttaako digitaalinen pedagogiikka kotoutumista	Does digital pedagogy fasten integration?	0	0	1	0	Smartphone, computer	99	5	1	0	0	0	0	1	0	0	0	1	1	0	0	1	4	3
FI027	27/11/2019	315	1	1	0	99	99	99	Digimaailma syrjäyttää vanhukset	Digital world excludes the elderly	0	1	1	0	Smartphone, computer, tablet	99	11	1	1	1	1	0	0	0	0	0	0	1	0	1	1	4	1
FI028	30/11/2019	311	1	1	0	99	99	99	Digiosaamista tulisi ajatella kansalaistaitona	Digital skills should be considered as skills of citizenship	0	0	1	0	Online services	99	5	1	0	0	0	1	0	0	0	0	0	1	1	0	1	4	2
FI030	06/02/2020	311	2	2	0	99	99	99	Yksityispuolen Kela-korvaus voi typistyä	Kela compensation for private sector may decrease	0	0	0	0	online services, online consultation	care technology	10	1	0	0	1	0	0	1	1	1	1	0	0	0	0	5	2
FI031	06/02/2020	312	2	2	1	1	99	99	130 miljoonaa löytyi - valtiovarainministeri Katri Kulmunin mukaan hoitajalupaukseen saadaan rahaa muun muassa lääkehuollosta	130 million was found - finance minister says that promise for nurses will be reached by saving money from medicine service costs	0	0	0	0	99	99	10	1	0	0	1	0	0	1	1	1	1	0	0	0	0	4	2
FI032	07/02/2020	312	2	2	1	1	1	0	Hoitajalupauksen rahoitus jäi ilmaan 	Promise of nurses was left in the air	0	0	0	0	Chats	Health care chats	10	1	0	0	1	0	1	1	1	1	1	0	0	0	0	5	2
FI033	07/02/2020	315	2	1	0	99	99	99	Väitös: Pelaaminen voi parantaa vanhusten fyysistä terveyttä	Phd defence: playing can increase older adults physical health	1	1	0	0	Digital games	Skiing game, Microsoft Kinect-Sports, Nintendo Wii Sports	1	1	0	0	1	1	1	0	0	1	1	1	0	1	0	7	2
FI034	19/02/2020	313	1	1	0	99	99	99	Säästävätkö sote-kuntayhtymät itsensä hengiltä?	Are social and health care joint authorities saving theirselves to death?	1	0	0	0	99	99	10	1	0	0	1	1	1	0	1	1	1	0	0	0	0	6	2
FI035	23/02/2020	315	1	1	0	99	99	99	Digiaika ei saa syrjäyttää ikäihmisiä	Digital age should not exclude older peopl	0	0	1	0	Computer, smartphone, online services	99	3	1	0	1	1	0	0	0	1	0	1	0	0	0	0	3	1
FI036	29/02/2020	313	1	2	1	2	1	1	Digivastaanotot vähentäisivät painetta terveyskeskuksissa	Online appointments would reduce the pressure in health centres	1	0	1	0	Chats, phone, applications	Online appointments	10	8	0	0	1	0	0	1	0	1	1	0	0	0	0	4	2
FI037	08/03/2020	315	3	3	1	1	1	1	Huutia ikälokeroinnille. Runosmäestä mallia koko Turulle	Getting rid of age labelling. Runosmäki as a model for whole Turku	0	1	0	0	99	Robot bussess	99	1	1	1	0	0	1	0	0	1	1	1	1	1	1	7	3
FI038	16/03/2020	311	1	1	0	99	99	99	Tavoittaako digikysely digipudokkaat?	Does the digital survey reach digitally excluded?	0	0	1	0	99	99	2	1	0	0	0	0	0	1	0	0	0	1	0	0	1	3	1
FI040	23/03/2020	314	2	3	1	1	0	99	Virtuaalitodellisuus auttaa potilasta, hoitajaa ja lääkäri	Virtual reality helps the patient, nurse and doctor	0	0	1	0	VR	VR preparations in surgery	1	3	0	0	0	0	0	0	0	1	1	1	0	0	1	4	2
FI041	09/05/2020	313	1	1	1	0	99	99	Palvelut lähellä - etänäkin	Services close - also remotely	0	0	1	0	Virtual meetings and events	99	99	1	0	0	1	1	0	0	0	0	0	1	0	0	1	4	2
FI042	11/05/2020	315	1	1	0	99	99	99	Moni elää aina kuin karanteenissa	Many people always live as in quarantine	0	0	0	0	Computer, electric devices	99	12	1	0	0	0	0	0	0	0	0	0	0	0	0	1	1	1
FI043	04/06/2020	315	1	1	0	99	99	99	Mistä IT-apua ikäihmisille?	Where get it-help for older adults?	0	1	1	0	Computer	Online doctor appointments	99	1	1	0	0	0	0	0	0	0	0	0	0	0	1	2	1
FI044	08/08/2020	311	1	2	0	99	99	99	Tulevaisuuden sote-keskus auttaa kokonaisvaltaisesti	Future social and health care center offers help holistically	1	0	0	0	Online services	99	10	9	0	0	1	1	0	1	1	1	1	1	0	0	1	8	2
FI045	07/09/2020	313	1	1	0	99	99	99	Älypuhelin joka päivä käytössä pohjoiskarjalaisilla	Smartphones are used by north-carelians daily	0	0	1	0	Smartphone, equipment, software, digital services	99	99	0	0	0	1	1	0	1	0	0	0	0	0	0	1	4	2
FI046	29/12/2020	314	1	2	0	99	99	99	Korona pakotti lisäämään etäpalveluosaamista	Covid forced to increase skills of remote services	0	0	1	0	Online services	99	10	4	0	0	0	1	0	0	0	1	1	1	0	0	0	4	2
FI047	26/02/2021	311	1	1	0	99	99	99	Viikon hoitotakuu on mahdollista toteuttaa	Weeks care guarantee is feasible	0	0	0	0	Digital tools and remote services	99	10	1	0	0	0	0	1	0	0	1	1	0	0	0	0	3	3
FI048	26/02/2021	311	1	1	0	99	99	99	Iäkkäiden tietoturvasta pitää huolehtia	Older people's information security needs to taken care of	0	1	0	0	Smart devices, cyber consiusness, computers, smart phones	99	12	1	0	1	0	0	0	1	0	0	0	0	0	0	1	2	3
FI049	16/3/2021	313	1	1	0	99	99	99	Emmehän unohda yksin asuvia ikäihmisiä?	Lets not forget older people living alone?	0	1	0	0	Phone, digital services	99	1	1	0	0	0	0	0	0	0	0	1	0	1	0	1	3	3
FI050	17/05/2021	314	1	2	0	99	99	99	Julkisia palveluita ihmiseltä ihmiselle	Public services from human to human	0	0	0	0	Online services	99	0	1	0	0	1	1	0	1	0	0	0	0	0	0	0	3	2
FI051	19/05/2021	313	1	3	1	1	1	1	"Kyllähän se raikastaa mieltä kun juttelee"	"It freshens up mind when you get to talk"	0	0	0	0	SMS	99	12	1	1	1	0	1	0	0	0	1	1	0	1	0	0	4	3
FI052	22/05/2021	313	1	3	1	0	99	99	Julkisten palvelujen digitalisointi saattaa syventää eriarvoisuutta	Digitalisation of public services may deepen inequalities	0	1	0	0	Online services, smart phones, computers	99	3	1	0	0	0	0	0	1	0	0	0	0	0	0	1	2	1
FI053	23/07/2021	315	1	2	1	2	1	1	Tarvitsemme valtakunnallisen digitukijärjestelmän	We need a national digital support system	0	0	1	0	Digital services, internet	99	3	1	0	0	0	0	0	0	0	0	0	0	1	0	1	2	3
FI054	11/08/2021	315	2	2	1	0	99	99	Koronpassi haastaa hallituksen	Covid passport challenges the goverment	0	0	0	0	Smart phone, apps	Covid passport	1	1	0	0	1	0	0	1	0	0	0	0	0	0	1	3	3
FI055	06/11/2021	314	2	1	0	99	99	99	Palvelut: mikä muuttuu? (Kainalojuttu isommasta)	Services: what changes?	0	0	0	0	Digital services	99	10	1	0	0	0	1	0	0	0	0	1	0	0	0	0	2	3
FI056	06/11/2021	314	1	1	0	99	99	99	Aluevaaleissa ratkaistaan Lapin palvelut	The services of Lapland are settled in the regional election	0	0	0	0	Online services, chat, online booking	99	3	9	0	1	0	1	0	0	1	1	1	0	0	0	1	5	3
FI057	14/11/2021	315	2	2	0	99	99	99	Kuntaliitto ei luota kustannusten kasvun taittuvan sote-uudistuksessa	Association of municipalities does not trust that costs will be reduced in the social and health care reform	0	0	0	0	99	99	10	1	0	0	1	1	1	0	0	0	0	0	0	0	0	3	3
FI058	19/11/2021	314	1	1	0	99	99	99	Palvelumuotoilulla tärkeä sote-uudistusrooli	Service design has an important role in the social and health care reform	1	0	0	0	99	99	10	1	0	0	0	1	0	0	0	0	1	0	0	1	0	3	2
FI059	22/12/2021	314	1	1	0	99	99	99	Mikä kumman sote?	What on earth is social and health care (reform)?	1	0	0	0	Virtual contact, smart phone, computer	99	3	1	0	0	0	1	1	0	1	0	1	0	0	0	0	4	1
FI060	06/01/2022	313	2	1	0	99	99	99	Lähipalveluille ei ole kilometrirajaa	There is no kilometer limit to local services	0	0	0	0	digital services	99	10	1	0	0	1	1	1	1	0	0	1	1	0	0	0	6	2
FI061	08/01/2022	314	1	1	0	99	99	99	Lähi-, etä- vai palvelua tarpeen mukaan?	Close, remote or service based on needs?	0	0	0	0	Online services, remote services	99	10	1	0	0	0	1	0	0	1	1	1	0	0	0	0	5	2
FI062	10/01/2022	313	1	1	0	99	99	99	Hyvinvoinnille uusi suunta	New direction for wellbeing	0	0	0	0	Digital services	99	10	1	0	0	0	1	0	0	1	1	1	0	0	0	1	5	2
FI063	18/01/2022	313	1	1	0	99	99	99	Rohkeasti uusia toimintatapoja	Bravely new was of acting	0	0	0	0	Digital and mobile services	99	10	1	0	0	0	1	0	0	1	1	1	0	0	0	1	5	2
FI064	22/01/2022	315	1	2	0	99	99	99	Turun seudulla tarjotaan monipuolista digiopastusta	Turku offers versatile digital guidance	0	0	1	0	Smartphone, apps	99	12	1	0	0	0	1	0	0	0	0	0	0	1	0	0	2	2
FI065	11/03/2022	313	1	2	1	0	99	99	Mikä sinua hoitaa kun tarvitset apua?	What takes care of you when you need help?	0	0	0	0	99	99	10	1	0	0	0	0	0	0	0	1	0	1	0	0	0	2	1
FI066	22/03/2022	315	1	1	0	99	99	99	Kunnioitusta iäkkäille	Respect for older people	0	1	0	0	Computer, devices, technolgy	99	12	2	0	0	0	0	0	0	0	0	0	0	0	0	1	1	1
FI067	02/06/2022	312	2	2	2	2	1	1	Tiukka sääntely kurittaa vanhusten hoivapaikkoja	Strict regulation diciplines older peoples care homes	0	1	0	0	Digital solutions, digital devices, smart carpets, safety bracelets	99	10	1	0	0	0	0	0	1	0	1	1	0	0	0	0	3	2
FI068	15/06/2022	315	1	2	0	99	99	99	Hyvinvointialueille saatava myös vanhusasiavaltuutetun toimisto	An ombudsman for older people is need also in welfare service counties	0	0	0	0	Internet, online services	99	3	1	1	1	0	1	0	1	0	0	0	0	1	0	1	4	1
FI069	17/06/2022	315	1	1	0	99	99	99	Nettisivujen esteettömyys toteutuu huonosti	Accessibility of internet pages is realises poorly	0	0	1	0	Technical devices, online pages	99	12	1	0	0	1	1	1	1	0	0	0	0	0	0	1	5	1
FI070	07/07/2022	315	1	2	0	99	99	99	Kansalainen, ikäihminen: Miten pitkään psyykeesi venyy vai oletko jo nostanut kädet pystyyn?	Citizen, older adult: How far does your psyche strect or have you already given up?	0	1	0	0	Online services, chats, chat-bots, telephone	99	12	1	1	1	1	1	1	1	0	0	0	0	0	1	0	5	1
FI071	11/07/2022	314	1	2	2	99	99	99	Hallitus on vähentämässä apteekkien tuloja ja lisäämässä velvoitteita	The goverment is reducing pharmacies income and increasing obligiations	0	0	0	0	Digital services	99	1	1	0	0	1	0	0	0	0	0	0	1	0	0	0	2	1
FI072	08/09/2022	313	1	1	0	99	99	99	Kohti hyvinvointialueita	Towards welfare service counties	0	0	0	0	Digital and mobile services	99	10	1	0	0	0	1	0	0	0	1	1	0	0	0	0	3	2
FI073	17/09/2022	315	1	1	0	99	99	99	Sote-uudistuksen tavoitteet eivät toteudu ilman riittävää hoitohenkilökuntaa	Objectives of the welfare services reform will not be reached without enough personel	1	0	0	0	Digital services	99	3	1	0	0	1	1	0	0	1	1	1	0	0	0	0	5	1
FI074	03/11/2022	314	2	1	1	2	1	1	Ikäihmisten ja digitalisaation suhdetta kuvataan yksipuolisesti	The relationship between older adults and dgitalisation is described one-sidedly	0	1	1	0	Digital services, digital health technologies, internet	99	12	1	1	0	0	0	0	0	0	0	0	1	0	0	1	2	2
FI075	17/11/2022	314	1	2	0	99	99	99	Julkiset palvelut heikentyneet	Public services have weakend	0	0	0	0	Digital services, apps, automatic recordings	99	12	1	0	0	0	1	0	1	0	0	0	0	1	0	0	3	1
FI076	12/12/2022	314	1	1	0	99	99	99	Digitaalisuus avain sote-lähipalveluihin?	Digitalisation a key to close social and health care services?	1	0	0	0	Digital services	99	10	4	0	0	0	1	0	0	0	0	0	0	0	1	0	2	2
FI077	27/12/2022	315	1	2	0	99	99	99	Historiallinen uudistus varmistaa palveluiden kehittymisen	Historical reform ensures development of services	0	0	0	0	99	99	10	1	0	0	1	1	0	0	0	1	1	0	0	0	1	5	2
FI078	31/12/2022	315	1	1	0	99	99	99	Varha saa ankean perinnön	Varha receives a dreary legacy	0	0	0	0	Digital services	99	10	1	0	0	1	1	0	0	0	1	1	0	0	0	0	4	3
S001	18-02-2021	102	1	3	2	4	1	1	Dolda larmsiffrorna: Så dåligt mår 85-plussare	The hidden alarm numbers: That's how bad people over 85 feel	0	0	0	0	webben/the web	99	1	1	0	1	0	0	0	1	1	1	0	1	1	0	0	5	1
S002	16-05-2017	103	1	3	1	1	0	99	Satsningar som räddar liv	Investments saving lives	0	0	0	0	digitalisation (unspecified)	99	3	1	0	0	1	1	0	0	1	0	1	0	0	0	0	4	2
S003	07-06-2018	102	1	3	1	2	0	99	Detta måste ni rätta till i vården, politiker	You must correct this in healthcare, politicians	0	0	0	0	99	digitalisering vårddata/ospecificerat, digitalisation health care data (not specified)	3	1	0	0	1	0	0	0	0	0	0	0	1	0	0	2	1
S004	30-11-2019	101	2	3	1	2	0	99	Sju utmaningar - därför är det kris i sjukvården	Seven challenges: that is why we have a crisis in the health care	0	0	0	1	digitalisering/ospecificerat	99	10	1	0	0	1	0	0	1	0	1	0	1	1	0	0	5	1
S005	23-12-2018	104	1	3	2	1	1	1	De kommande årens satsningar sker i primärvården	The investments of the coming years will take place in primary care	0	0	0	0	webben, the web	elektroniska journaler (medical records online), vårdbesök via webben (consultation online), digitala kunskapsstöd för vårdpersonal (digital decision support), digitalisering och automatisering (ospecificerat)	3	1	0	0	1	1	1	0	0	0	0	0	0	0	0	3	1
S006	09-03-2017	102	3	3	2	4	1	0	De har full koll på senioren	They have full controll of the senior	0	0	0	0	mobile phones, computers	99	12	1	1	1	1	0	0	0	1	0	0	1	0	0	0	3	2
S007	04-05-2017	103	1	1	0	99	99	99	Mossig kritik mot vårdappar	Mossy criticism of healthcare apps	0	0	0	0	apps, digital platforms, internet (nätet)	Kry, Min Doktor, video consultation online (videosamtal med läkare, digitala sjukvårdsbesök)	10	1	0	0	0	0	0	0	0	0	1	0	0	0	1	2	2
S008	05-10-2021	101	2	3	0	99	99	99	Folksjukdomar som kan förvärras i spåren av coronapandemin	Public health issues that may worsen in the wake of the corona pandemic	0	0	0	1	99	99	1	1	0	0	0	0	0	1	0	0	0	1	0	0	0	2	1
S009	29-06-2018	101	2	2	2	1	0	99	Så vill regeringen möta utmaningarna i vården	This is how the government wants to meet the challenges in healthcare	0	0	0	0	99	digitalisera patient data/digitalise unspecified) patient registers, bio bank	4	1	0	0	1	0	0	1	1	0	0	0	0	1	0	4	2
S010	05-01-2019	105	2	1	0	99	99	99	Tekniken ska avlasta personalen	The technology should relieve the staff	0	0	1	0	digital tools/digitala verktyg (unspecified)	e-health/e-hälsa	6	1	0	0	1	0	1	0	0	0	1	0	0	0	0	3	2
S011	13-11-2020	105	2	3	1	1	0	99	Filminspelningen ska bryta äldres isolering	Filming should break the elderly's isolation	0	1	0	0	mobile phone, webb site,, digital technology	99	10	1	0	0	0	0	0	0	0	0	1	0	0	0	0	1	2
S012	15-05-2020	103	1	2	1	1	0	99	Cyisk brottslighet mot äldre	Cynical crime against the elderly	0	1	0	0	SMS, Bank-ID, digital technology	99	7	5	0	1	1	0	0	1	1	0	0	0	1	0	0	4	1
S013	09-08-2022	101	2	3	1	1	1	1	De äldre blir fler - ställer nya krav på vården	The number of older people is increasing - placing new demands on care	0	1	0	0	smart phone, video meetings,, digitalisation, internet	99	1	1	1	1	0	1	0	0	1	0	0	0	1	0	0	3	2
S014	22-11-2019	103	2	2	1	2	1	1	Tuffa utmaningar väntar äldrenämnden	Tough challenges await the elderly council	0	1	0	0	99	trygghetskamera (surveillence camera), automatiserade medicingivare (medical robot), GPS-larm (GPS alert)	3	1	0	0	0	0	1	0	1	0	0	0	0	0	0	2	1
S015	07-02-2018	104	1	1	1	2	1	1	Digitalisera inte bort våra äldre i sjukvården	Don't digitize our elderly in healthcare (loose them out of sight)	0	1	1	1	internet, IT, hemsidor	online health information, websites for booking appointments	3	3	0	0	0	1	0	0	1	0	0	0	0	0	0	2	2
S016	17-08-2019	101	2	3	1	1	0	99	Här räds äldre inte att umgås med robotar	Here, the elderly are not afraid to socialize with robots	0	1	0	0	smart technology, smart loudspeakers, VR-googles	sensor floors, VR-technology, integrated games, welfare technology, keyfree home care services	2	1	1	1	0	1	1	0	0	1	1	1	0	1	1	7	2
S017	07-12-2021	105	3	3	1	1	0	99	Med skärmen vill hon förbättra vården	With the screen, she wants to improve care	0	0	0		family screen, screen, facetime, app	99	10	1	3	0	0	0	0	0	0	1	1	0	0	0	0	2	2
S018	11-10-2017	101	3	3	1	1	0	99	Biblioteken har nyckelroll för digital delaktighet	Libraries have a key role in digital particpation	0	0	1	0	internet, computers, mail, chat, e-books, digital newspapers, e-audiobooks, apps, Google, mobile phones, tablets, Bank-ID, Skype, Swish, Scanner, dvd, digital photo editing, smartphones	99	12	1	0	0	0	1	1	0	0	0	0	0	1	1	4	2	1
S019	25-03-2020	103	1	3	1	1	0	99	Ny teknik i de viktiga sociala kontakterna med äldre	New technology in the important social contacts with the elderly	0	1	1	0	internet, smartphones, reading tablets, mobile phone, computer, digital platfrosm, Skype, Face time, social media, online forums, virtual spaces, online activities	99	1	1	0	0	0	0	0	0	0	0	1	1	0	0	1	3	2
S020	12-01-2018	102	2	3	1	2	1	0	Äldre isoleras av ny teknik	The elderly are isolated by new technology	0	1	1	0	internet, bank-ID, Facebook, Twitter, Google, websites, SVT-play, Youtube	99	12	2	0	0	0	0	0	1	0	0	0	1	0	0	1	3	1
S021	13-05-2019	105	3	3	1	1	1	1	Internetsurfning på äldreboendet - en självklarhet? (Plus Äldre hälper varandra på att förstå internet)	Internet surfing in the nursing home - It's a given?	0	1	0	0	internet,email, sufing, googling, mobile broadband, computer, connection, tablet, wireless connection, Skype, Facebook, Smart phone	99	12	1	1	1	0	0	1	0	0	0	1	0	0	0	0	2	2
S022	11-02-2018	104	2	3	1	1	0	99	Digitaliserad omsorg ska leda till bättre vård	Digitized care should lead to better care	0	0	1	0	tablet, digital tools, web	intelligent devices, smart sheets, intelligent doses (dosetter)	4	3	0	0	1	1	0	0	0	0	1	0	0	1	0	4	2
S023	06-10-2020	101	2	2	1	1	0	99	Äldre i kläm när pandemin driver på digitaliseringen	Older people in a pinch as the pandemic drives digitization	0	1	1	0	the internet, computer, smartphones, Ipads, videocalls, Bank-ID	1177.se	12	1	0	1	0	0	0	1	0	1	0	0	1	0	1	4	1
S024	25-04-2017	104	2	1	1	1	0	99	Rekordintresse för robotvård i hemmet	Record interest in robot care in the home	0	0	0	0	apps	Kry, Min doktor (health care apps in Sweden) health robotics for dressing, showering, The Intelligent Hospital pavillion (exhibition at Vitalis fair)	4	1	0	0	1	1	1	0	1	0	1	0	0	1	0	6	1
S025	15-08-2020	102	3	3	1	2	0	99	Sågar COM HEM	Saws Com Hem (cable tv supplier)	0	0	0	0	Tv-screen (platt-tv), digital box, website	99	12	1	0	0	0	0	0	0	0	0	0	0	0	1	1	2	1
S026	17-08-2019	101	2	3	1	1	0	99	Ny teknik ska minska framtida vårdkostnader	New technology will reduce future healthcare costs	0	0	1	0	99	gps-alert, camera surveillence, floor sensors, VR and robotics, welfare technologies, th robotcat Jutsocat	2	6	0	0	0	1	1	1	0	0	0	1	0	0	0	4	2
S027	16-06-2021	105	2	2	1	2	0	99	Här ska de äldre få ett toppmodernt boende	here, the elderly will recieve state-of-the -art accommodation	0	1	0	0	digital safety deposits	camera surveillence, digital lockers with sensors for personal recognition, tracking of activities and health, digital medicine lockers	10	1	0	0	0	0	0	0	1	0	1	0	0	0	0	2	2
S028	27-06-2019	103	3	3	1	1	1	0	Irene, 82, avslöjade bluffen - vill varna andra	Irene, 82, exposed the scam - wants to warn others	0	0	0	0	mail, BankID	99	7	7	1	1	0	0	0	1	0	0	0	0	0	0	0	1	2
S029	17-12-2018	103	2	2	1	1	0	99	Välfärdsbehoven ökar alltmer	Welfare needs are increasing more and more	0	0	0	0	99	night camera surveillence, gps-alert, video consultations, medical robots	10	3	0	0	0	1	1	0	0	0	0	1	0	0	3	1	1
S030	20-05-2019	103	2	2	1	1	0	99	Fullmatad dag om äldreomsorgen	Packed day about elderly care	0	1	0	0	smartphone, videochat	surveillence camera, medicine robot,GPs-alert, food robot, video consutation	1	1	0	0	0	0	1	0	0	0	1	0	1	0	0	3	2
S031	10-03-2019	104	2	2	99	99	99	99	De vill revolutionera vården med en papplåda	They want to revolutionize healthcare with a cardboard box	0	0	0	0	tablet (surfplatta)	digital blood pressure measurement, digital fever thermometer, video consultation	4	9	0	0	0	0	0	0	0	0	0	0	0	1	0	1	2
S032	07-08-2018	101	1	3	1	2	0	99	Oklart vem som ansvarar för tekniklösningar i välfärden	Unclear who is responsible for technology solutions in welfare	0	0	1	0	moble phone, computer, broad band connection	digital lockers (nyckelfria l¨s) surveillence camera, safety alerts, My health contacts (Mina Vårdkontakter)	3	2	0	0	1	1	1	0	0	1	1	0	1	1	1	9	1
S033	04-04-2020	105	3	3	1	1	0	99	Distanseringen sliter på den mentala hälsan	The  distancing wears on mental health	1	0	0	0	smart phone, mail, video calls, online games	1177.se	1	1	0	0	0	0	0	1	0	1	0	0	1	0	1	4	2
S034	28-03-2020	105	2	2	1	1	0	99	Politiker i riskgrupp kritiska till bristen på digitala möten	Politicians in risk group critical of the lack of digital meetings	0	0	1	0	digital link (länk), digital meeting	99	3	5	0	0	0	0	1	0	1	0	0	0	0	0	0	2	1
S035	05-05-2022	103	2	3	1	1	0	99	Nytt labb som liknar lägenhet utvecklar framtidens e-hälsa	New lab that resembles an apartment develops the e-health of the future	1	0	0	0	AR-googles	robotics	2	1	0	0	0	0	0	0	0	0	0	1	0	0	0	1	2
S036	26-07-2021	101	2	3	1	1	0	99	Folkhälsoarbetet hotas när allt färre svenskar svarar på enkäter	Public health work is threatened when fewer and fewer Swedes respond to surveys	1	0	0	0	digital app	99	1	1	0	0	0	1	0	1	0	0	0	0	0	0	0	2	1
S037	14-02-2022	105	1	3	1	2	0	99	Nu pågår något som kan fungera som raketforskning för äldreomsorgen och Sveriges åldrande befolkning	Now something is going on that can function as rocket science for elderly care and Sweden's aging population	0	1	0	0	tablets (surfplattor)	e-health/e-hälsa	5	1	0	0	1	0	1	1	0	1	0	1	0	0	0	5	2
S038	19-12-2021	104	2	3	1	2	1	1	Digitala 3D-resor sätter guldkant på livet som äldre	Digital 3D trips add a golden edge to life as an elderly person	0	1	1	0	laptop, big screen, VR googles	99	9	1	1	1	0	0	0	0	0	1	1	0	0	0	0	2	2
S039	14-10-2019	103	2	1	1	2	0	99	Underhållning och digital teknik	Entertainment and digital technology	0	0	1	0	99	99	9	1	0	0	0	0	0	0	0	0	1	0	1	0	0	2	2
S040	26-03-2019	103	2	1	1	1	0	99	Föreläste om välfärdsteknik	Lecturing on welfare technologies	0	0	1	0	99	99	9	1	0	0	0	0	0	0	0	0	0	0	1	0	1	1	2
S041	03-05-2019	103	2	1	1	1	1	0	Välfärdsteknik hot eller möjlighet	Welfare technology threat or opportunity	0	0	1	0	smart phones, tablets (surfplattor), apps, e-books, audio-books, Youtube, web site, videos (on Youtube), video communication, video link (videoläk)	e-health services on 1177, Virtual health room (virtuellt hälsorum Slussfors), digital consultations (Digitala vårdmöten)	12	1	0	1	0	1	0	0	0	0	1	0	1	0	0	3	2
S042	02-02-2021	101	3	1	1	1	0	99	Teknikutvecklingen ska göra Sverige bäst i världen på e-hälsa	Technological development should make Sweden the best in the world in e-health	1	0	1	0	apps, tablets (surfplatta), mobile phone, videolink	video consultation, connected medical devices, gps-clock for patients with dementia, bloodsugar trackers, digital treatments via app	1	1	0	0	0	1	0	0	0	0	1	0	0	0	1	3	2
S043	08-09-2022	102	2	3	1	1	0	99	Beskeden om vården	Notices about care	0	0	0	0	99	Digital care	3	1	0	0	1	1	0	0	1	1	1	0	0	0	1	6	2
S044	04-06-2020	104	2	3	1	2	0	99	Samtal till självmordslinjen har ökat under corona	Calls to the suicide line have increased during corona	0	0	0	1	chat (chatlinje) 	support site (stödsajter), chat.mind.se, www.mind.se, www.jourhavande-medmanniska.se, www.spes.se, www.1177.se, sos.svenskakyrkan.se	1	6	0	0	0	0	0	1	1	1	0	1	1	0	1	6	1
S045	20-04-2021	105	1	2	1	2	0	99	Att äldre personer är mer teknikfientliga än yngre vuxna stämmer inte	Older people more hostile to technology than younger adults is not true	0	1	1	0	broad band and wifi	99	12	1	0	0	0	1	1	0	0	0	0	1	1	1	0	5	2
S046	27-03-2018	101	1	3	1	2	1	1	135000 fler behövs i svensk välfärd nästa mandatperiod	135,000 more are needed in Swedish welfare next term	0	0	0	0	99	99	6	8	0	0	0	1	1	0	0	1	1	0	1	0	0	5	1
S047	31-12-2021	103	2	3	1	1	0	99	Deras uppdrag är att ta fram konstiga textilier	Their mission is to produce strange textiles	0	0	0	0	camera	elektrostimulerande smart textilier, electrostimulating textiles, smart textiles	2	5	0	0	0	0	0	1	0	0	0	1	0	0	0	2	2
S048	06-07-2019	103	1	3	1	2	0	99	Omställning behövs för att minska trycket på akuten	Adjustment is needed to reduce the pressure on the Emergency 	0	0	0	0	99	digital consultations (digitala möten, digitala besök), 1177.se	10	3	0	0	0	1	0	0	1	0	0	0	0	0	1	3	1
S049	23-04-2020	102	1	3	1	1	1	0	Är du lönsam, lilla riskgrupp	Are you profitable little risk group	0	0	0	0	digital personal surveillence, tracking	99	12	5	0	0	1	0	0	0	1	1	1	0	1	1	1	7	1
S050	15-02-2018	103	2	1	1	1	1	0	Framtida äldres sjukvård	Future healthcare for the elderly	0	1	0	1	computer (dator), AI	e-health, care at adistance, My healtcare contacts (Mina vårdkontakter), ultrasound robot	1	1	9	1	1	1	0	0	0	1	1	1	1	0	0	6	2
S051	04-03-2019	102	3	3	1	1	1	1	Gör succé - med enkla råd	Be successful - with simple advice	0	0	0	0	podd, tv-production, computer, tablet (surfplatta), telephone, mobile phone, screen	99	1	1	0	1	0	0	0	0	0	0	0	1	0	0	0	1	2
S052	03-02-2021	101	3	3	1	1	0	99	Pandemin väcker forskarlusten	The pandemic awakens the desire for research	0	0	0	0	zoom	99	2	1	0	0	0	0	1	0	0	0	0	1	0	0	0	2	2
S053	18-02-2022	104	2	3	1	1	1	0	Kjell, 83, fick vänta i månader på att få telefon	Kjell, 83, had to wait for months to receive telephone	0	0	0	0	mobile phone, broadband, telephone, telephone adapter, sms-notification, fibre concerter, analogue phone	99	8	9	1	1	0	0	0	0	0	0	1	0	0	1	1	3	2
S054	03-03-2018	105	2	3	1	1	0	99	Mobilmeckat har blivit en affärsarena	The mobile mecca has become a business arena	0	0	0	0	mobile phone, Doro, senior telephones, 3D-scanning, , cloud service, sensor, camera, the net, Internet of things, 3D-printer, video clips, games and movies, radio net, mobile net 5G, chip, radio lenght (radioband)	security services, e-health	4	4	0	0	0	0	0	1	0	0	0	0	0	1	1	3	2
S055	17-12-2017	104	2	3	1	1	0	99	Han kopplar upp nya generationens läkemedel	He connects new generation drugs	0	0	0	0	99	on dosis, intelligent medication platform	4	8	0	0	0	0	0	0	0	1	0	0	0	1	0	2	2
S056	19-02-2017	104	2	3	1	1	0	99	Förpackningen hjälper till att minnas medicinen	The packaging helps to remember the medicine	0	0	0	0	sms/text message in mobile, Twitter	99	4	3	0	0	0	0	0	0	0	1	1	0	0	1	1	4	2
S057	23-02-2019	104	2	3	1	1	0	99	Framtidsjobben som snart är här	The jobs of the future that will soon be here	0	0	0	0	smartphones, apps	99	6	7	0	0	0	0	0	0	0	0	0	0	1	0	0	1	2
S058	10-04-2021	103	3	3	1	1	0	99	Känner du igen dig i din generation?	Do you recognize yourself in your generation?	0	0	0	0	social media, facebook, internet, smart phones, screens, snap, Instagram	99	8	1	0	0	0	0	0	0	0	0	0	0	0	0	1	1	2
S059	08-05-2017	102	2	3	1	1	1	1	66 superklipp för 65-plussare	66 super tips for over 65s	0	0	0	0	99	99	8	1	0	0	1	0	0	0	0	0	0	0	1	1	1	3	2
S060	26-03-2017	104	3	3	1	5	0	99	Framtidens vård redan i Göteborg	The care of the future already in Gothenburg	0	0	0	0	mobile phone, smart phone, app, video call, 3D-printer, Spotify, Google, Apple	Kry, Min Doktor (Healthy, My Doctor - online health services)	12	1	0	0	0	1	1	0	0	1	1	0	0	1	1	6	2
